customer_number,berlangganan_deposito
907098,0.08256100001820436
699895,0.05276834427677909
440407,0.0803120010551616
787412,0.19979633805822786
891667,0.07537247789881668
419744,0.1246366256624426
302778,0.09927443249854642
213668,0.07281332035382251
464148,0.1011132851963327
350644,0.08680357861017511
450388,0.06404998880164009
843056,0.10721220252187663
234692,0.17524244633295089
912873,0.08269230119076687
888949,0.048330085334062044
259168,0.07099931090478828
549947,0.19934771498566597
885581,0.03360463729530744
390670,0.9841109725901495
307129,0.08494320568433003
179470,0.07564801871389562
312607,0.053355987419330834
805073,0.052960093320761986
361361,0.36512096648247166
747107,0.07291352384133541
968734,0.056264522022898146
422344,0.058193714093043115
573128,0.10427506634440911
768934,0.06399451387604016
417027,0.09267540207718833
373215,0.08490422908777304
948801,0.11175757285948332
908716,0.9291393733663099
361504,0.9919545821456064
101972,0.057212478564125396
767453,0.17220111819434808
132972,0.06400537846601104
832467,0.07373971269730425
260664,0.06231384534908807
317310,0.12062533919521552
491693,0.9727303982007385
280416,0.05303020646670002
376858,0.07237736231707381
164426,0.07748019079169058
699207,0.09820197097445743
595073,0.11463817953346354
609562,0.11411021435013667
246801,0.09446802697463277
165232,0.22968295551453763
794839,0.871776246447169
134869,0.0409267956113779
149258,0.07959099052710908
889471,0.045810025730558986
213465,0.07971383096420191
814536,0.07024890864122323
543749,0.30266378283743295
504847,0.13487764874197924
864037,0.07092634175527196
965952,0.11545302557219238
109137,0.9285947339538884
922295,0.09154856931982934
906275,0.10490637354216871
994034,0.07094259867999436
813858,0.1414705262094377
118044,0.08105586344009291
860849,0.02382992813609842
840836,0.7602280651734556
868653,0.7747397221762704
539424,0.06181561195337772
984925,0.13498722967019794
573754,0.09074173150109466
292119,0.6809742622822873
585402,0.1021773150501371
510004,0.1250471494458682
194000,0.1044493237218669
167286,0.043813511214858936
531746,0.611580896393662
912709,0.042845474287332375
648439,0.4505495841897424
224940,0.0630092854269527
457889,0.08070056411030614
288415,0.03472336904919434
879801,0.048408224954636286
353361,0.06028131195371582
299074,0.04744146894971033
980051,0.7600549435733057
903168,0.5617722096715934
484099,0.08072595867729682
413447,0.05322630782613408
713364,0.09892013199073198
454938,0.30614638650704595
439280,0.1918247756768569
995170,0.559005563653133
734781,0.08294781539184244
140977,0.09290103121670071
823766,0.04573882783099043
400623,0.09094812845189387
907390,0.07607957981608263
492998,0.058294970923752715
649231,0.3494492235155783
442342,0.10323407422122453
710703,0.10814366191471338
184686,0.0573756565134266
546584,0.048344595645903994
789574,0.10180255572605065
412193,0.19031117630336794
443775,0.05620252242275666
616196,0.12450220363902013
363171,0.049949932057201704
974117,0.06372500547008264
774867,0.24510046200262656
292820,0.1353238121241493
447881,0.04710779601693674
807627,0.0673535298847562
820413,0.08940142765881029
483481,0.0520916273348211
379724,0.128535751774606
107354,0.0630954866435987
246342,0.07757465143158508
906513,0.08583604851211085
357865,0.6764840681651814
864261,0.048102919944466645
229059,0.10153942663995444
381625,0.04652925647514516
665977,0.051380524078066016
236971,0.06785962260002043
806190,0.06595567445442833
323346,0.066192879468218
792429,0.14893258605995172
834347,0.8565486262619919
160608,0.5057718894769615
971827,0.04668832949028948
726990,0.053566788062514054
343670,0.7554369677659871
132906,0.12900010568750023
462944,0.06106475263996926
873814,0.0617802968762873
830338,0.04973941743328665
176260,0.9901126023411296
820612,0.08648732902155565
762584,0.05954612187344371
761693,0.9900535477860616
561930,0.09942179272718507
520188,0.05103800074521677
126250,0.06581012947710971
887760,0.04597533105234101
229716,0.04887587253937677
435525,0.8920363950119331
531736,0.14324742371758561
333713,0.06426628760530166
442790,0.04634722565822237
723637,0.2845505333044229
668072,0.9938412484663656
340832,0.07035822052905782
149209,0.03792406883722587
124364,0.1371012370559822
767971,0.0547928214129772
786617,0.07837024708791776
666525,0.13711365454894123
163662,0.04353225477007883
951558,0.0998220919667352
396087,0.05477436804963812
804197,0.08605879447032524
799811,0.2978510426483183
913578,0.09429318196185921
359652,0.28167352280655555
562882,0.07816397389426313
638626,0.08925519438533812
460218,0.4860084783319888
914975,0.08090864577534722
731502,0.11098264140441515
199938,0.09251891005101079
302281,0.09499183495633327
574940,0.07787869224900226
559812,0.9051868353484281
165935,0.04699291141100416
421615,0.03997225198651574
257585,0.10389558818746823
506061,0.049718834166398836
908758,0.06874976220940167
955011,0.06646380064819282
298855,0.057687399659499795
767752,0.06560947650371544
938277,0.11699335134648726
470096,0.4590743511542115
931869,0.08200579869661899
153211,0.30691909622533736
206306,0.13003093952263742
717240,0.39479293613128635
329307,0.11662047378283831
760109,0.06400528519890614
802242,0.06210369778678373
254327,0.07585718672734126
863556,0.09024260565007461
297671,0.06885496461634504
750636,0.1003417865115341
556791,0.06419496067568496
582232,0.0774931642130087
668849,0.06352824786348056
606970,0.0756551704350038
317892,0.07750768395844702
883863,0.0681541352232813
987532,0.07702044186365856
161476,0.052316275709505554
713044,0.05986747903724442
406786,0.7859215474048104
174304,0.12983079403365294
999294,0.06895409558412532
800657,0.060520321866372705
671482,0.05483543818449055
700037,0.09004444175584246
916759,0.10428697295979993
172530,0.08303104589569807
481130,0.07309349451195715
875770,0.10713672404304897
713519,0.08764359670378453
301001,0.9942840356382018
916103,0.10262058544036241
866012,0.09149213295666109
664436,0.09521658137135836
114780,0.04571774539797204
491600,0.07736450797701794
393825,0.11769746040017826
407687,0.19620115696533535
319621,0.17176617336694397
659231,0.08210177291667729
266602,0.07322281716423693
266281,0.19361391910214829
374529,0.10456660946782975
430507,0.07706394774423253
615579,0.1010299796369401
754102,0.4551379789587232
702685,0.07394157085996489
778188,0.6018284623750813
776656,0.06845716134969299
805009,0.1366522630337049
140869,0.0535417472097431
611489,0.05747821562188708
762487,0.10416554855647372
109259,0.07372591136916248
789499,0.12411095125969802
775963,0.044277511659388404
665677,0.3817896824360608
816647,0.06676660162410737
217692,0.07458930513098812
778324,0.10870182165072168
129489,0.052688895198484256
285866,0.07410236698481676
156559,0.0866166463951139
803898,0.08418105429347787
533719,0.7120917313337991
177514,0.1009293165228202
465425,0.05888426185195098
958073,0.7860875091269229
283201,0.10377650268265604
396064,0.1342024424046525
785250,0.11720774220071487
364048,0.08214303805462475
637619,0.08781073796044707
264015,0.044905724167264065
833040,0.5221142488421492
592724,0.07912170180052688
995351,0.12347450389652419
414760,0.16768099870121034
220407,0.066107743873994
441200,0.0669418091560799
328339,0.05341126071135255
787051,0.535860532655657
545081,0.40044206171831154
593653,0.06503183252871335
669931,0.12829049129373873
914429,0.08652153649211408
537578,0.05745803754223748
473878,0.7411315078482266
892055,0.08268796165799386
358393,0.10036568223020328
865396,0.10061607589787876
484411,0.056734804317038756
414265,0.06938235774568578
985037,0.060806677171938335
231021,0.11215212570037567
291496,0.6580417565791984
842913,0.05953419387841224
921143,0.11770775189508105
749177,0.6873751175630128
149355,0.8420930724734107
459510,0.08282740543433285
518499,0.08022069630416467
507893,0.36396594228823315
208772,0.09977697942136053
498956,0.053207025998120494
384183,0.32144142836370865
473201,0.6316816074067229
577294,0.08084065928814797
207213,0.03722580840405552
157093,0.07885703574078261
694580,0.04275903921292876
948604,0.07884891514914488
450228,0.06283011948818853
313738,0.03831520037296139
734277,0.572273071656323
507349,0.2802102194701498
550817,0.06192814116545714
991623,0.023496479951100973
446117,0.05173385590221031
276299,0.05084478346863982
797699,0.6945224399781917
756348,0.37655360180901964
847174,0.10312933476331
647698,0.04967257313255215
678474,0.0972838652710922
591833,0.07576378833427065
944269,0.057101797116798456
389917,0.09397280650313099
971044,0.09776219333761262
114593,0.0707916025449724
597702,0.09235553840876806
867276,0.08658171773893117
310835,0.8923101964070937
416556,0.060578332330606846
985555,0.07629668344636799
466433,0.06126564356986726
971904,0.0599922541943972
167433,0.13346050436641987
269526,0.15203538824559448
694943,0.09113260285913612
489110,0.26763491519525506
160524,0.047988146704175505
766838,0.026115420610936625
181107,0.9501117036144341
956794,0.07083823421897636
621855,0.9919538859102952
203008,0.061259163830361944
795401,0.13262687833767126
777736,0.09341676598482218
460730,0.7124454672037228
700989,0.043602999583160794
456815,0.11837460620067768
502979,0.07335388667444966
995698,0.05382183921402143
290586,0.07377226610658136
627883,0.12473580418867612
605907,0.9392636245863023
775261,0.06347443584640189
416342,0.062402258377728934
255291,0.09035499254000566
946283,0.06798438332113148
832477,0.08761787770344272
202056,0.2895856909786142
308776,0.10801227478624306
522363,0.04823631825126384
867377,0.8157727751594744
709255,0.18824646685572782
395454,0.07915260318717417
734380,0.07177133018983838
121099,0.03917273084042155
451253,0.07309833090634031
799531,0.0683067765518845
604495,0.06593272091830578
693645,0.8438140322205995
215014,0.0717247723071639
399210,0.5336382650662346
505311,0.05009197400802509
374866,0.7407360171592031
611180,0.7180775955016291
877881,0.07523584034605425
912501,0.05899609191246147
680716,0.07403542491045033
844855,0.06319627903288404
605733,0.7296622772752365
313636,0.05642575745427942
326764,0.09732542473594902
175000,0.07106827236658432
638882,0.9185866286613958
854536,0.05297399219795896
708146,0.04468216154550722
298264,0.056693530673553635
548260,0.9929565942546068
930420,0.047083676847279925
628596,0.3370622071607553
700933,0.039615556236389404
528515,0.05752480414836353
557021,0.11107555046594796
251056,0.09609351544529154
439524,0.649465310779353
617243,0.07005093144330486
136440,0.04768888962584627
176308,0.06047475831234132
179164,0.0632260501313978
500965,0.055675881125256795
249913,0.05249195580549
785811,0.07124306087865627
649832,0.051953464397317906
825252,0.16069469949053514
577632,0.07647498889902125
953673,0.09648769263866205
494206,0.10114747731053583
659541,0.03934332302726202
822372,0.47903870729749226
302249,0.07259306403872927
128230,0.058747429180139636
922585,0.5357921088142381
849462,0.06513650746861391
562722,0.09369301364247803
984772,0.04680387848647382
477544,0.07523398300388502
161346,0.08087043307901293
146070,0.05052092653310543
723929,0.0408965986299251
374264,0.06288245799518351
212864,0.21014093174824594
274661,0.0839683355238918
122273,0.11672081466592636
277811,0.10680434668397464
533227,0.08508663381972388
517793,0.06563054075678137
423362,0.0654139137904362
987541,0.10182619182344553
284015,0.06937895542655942
565065,0.0915331419320273
618468,0.9866614976897647
218817,0.07680141247714926
188314,0.0574762784005188
555806,0.07295377493633426
668183,0.13077336037971937
600763,0.048370608753209476
128637,0.05219561391404783
357579,0.047464898003456206
930625,0.05982795215281964
240186,0.08482216353579602
459362,0.02728996130592214
365070,0.09305142177270172
978495,0.08816288889124554
934258,0.1372437111602958
627779,0.07838910592107738
130902,0.04324079214928608
335589,0.12702198592554173
673190,0.053176713392294336
946695,0.09548739085222559
322184,0.7211999489775595
366453,0.051211643820951634
135264,0.052132953561899384
936292,0.05502304452670191
184043,0.10394110414238424
933026,0.2416498630436471
616098,0.07199392954652668
983040,0.055712930607605425
206959,0.04926174616848564
233264,0.08316963826496963
645310,0.08985008978011684
392522,0.16369129366139235
211534,0.07519519557675665
914328,0.043558241354223655
137108,0.03486356718196798
155276,0.03279623843614396
887694,0.11429922556265085
198965,0.21731205098825204
435356,0.2243326536663956
102534,0.09067929362733479
720649,0.049742118520903496
432812,0.06360817235381089
479173,0.06866114240129849
271470,0.11254753789879518
876566,0.9911681060869305
387331,0.5208671765716015
323651,0.06795119303728242
895881,0.048661844063457346
486326,0.0650675645791978
131520,0.0629333033805097
347439,0.0811880424985333
695643,0.09640161385583315
543163,0.11206596711254221
881433,0.07535260383424622
673814,0.05487808594210431
859004,0.06640455559305884
322463,0.5721422458860073
332090,0.06805805029490997
892573,0.08490203394500276
359970,0.09982329214606128
456215,0.04568742082382352
302752,0.03822393690285526
891615,0.12232822578314473
751165,0.10372781851916424
150224,0.8703500442450985
119103,0.06355840081369384
374889,0.04213700845621361
199343,0.05697730527266277
563949,0.089808944369059
677124,0.11816399782871453
328597,0.09034079221426805
496423,0.33846158781566915
904635,0.05288186078100092
366778,0.06686497154817887
353493,0.097833051322553
757440,0.03210119257145172
292894,0.0792824839579108
227530,0.10094174526979922
705432,0.07302837277749505
367610,0.1417895813477275
577571,0.5416022552438327
499044,0.061912558451028624
990571,0.08014463656998405
559603,0.08540696079060803
745978,0.14680555121754116
700642,0.3252640178269939
347674,0.14678225834136707
554645,0.17054179849510398
701019,0.13854301167086833
878942,0.04593952934247937
870600,0.10042551646225327
769662,0.6577959673538615
596881,0.057278545135455605
332728,0.08811281153909897
583676,0.17020756462962264
952306,0.061767390261225436
562106,0.0651323181072644
805568,0.07549415405223377
945828,0.0396618289598714
836412,0.07628273849668872
136389,0.10847435089468999
961565,0.08665635824614902
380898,0.06468599692048661
955048,0.7019317964552125
186722,0.07833697922523979
831430,0.05052396955599763
644740,0.13191066910044327
994666,0.10228663736739538
527938,0.08579050263996817
400084,0.08833107767130471
643237,0.05392638280921672
341220,0.03785998168931987
810318,0.08329574713395381
192419,0.09604454124039472
583238,0.1234475753026368
211961,0.05542705236582714
461455,0.07690268092098415
576761,0.09363675804072
192629,0.05889376134257337
902758,0.07237969502808118
251789,0.2699656520393045
841398,0.05766656873763865
337564,0.0651936896168254
184320,0.04695146526388963
621606,0.12925065374847872
116389,0.11780776029054453
960973,0.07624888045629677
366998,0.06427512216562117
410186,0.06744066097885103
217980,0.0900078009399647
524778,0.7064171745261955
348903,0.05827966576423119
543331,0.1616135548668855
738930,0.23297396075487536
743364,0.07490134114948246
579445,0.9849617515938099
549345,0.04172378475909384
964547,0.12986433562585611
802527,0.047017347944840866
180562,0.10942761721210449
454326,0.06792360683955356
874923,0.2628389634076975
197911,0.13550302920563126
813710,0.13496769257922098
134466,0.11907343028200654
735425,0.0751737727304824
187443,0.07483637795955976
473613,0.08072091037662579
686737,0.08251558915340992
503760,0.060981074028076475
869332,0.041504059249767924
750843,0.05679775312314665
138971,0.05823299882219413
579568,0.062376407400725184
417011,0.039944872709859386
493109,0.1250823386176121
836182,0.9938986827838335
447755,0.08742763716322831
740843,0.5553676198383372
265636,0.053070390501244555
424314,0.12910516021547547
996979,0.053240894299617605
678775,0.07688402018022128
364055,0.03711671291739462
925793,0.7891404469535168
262466,0.27223836227295006
527349,0.08615674183326906
727402,0.20006831975714254
558244,0.11737096557196046
469042,0.05734259901170235
598628,0.0721556252943217
486934,0.06282493766395485
530835,0.06138772518966905
884551,0.09251975353645685
577991,0.12364945123319324
835006,0.9952645288079163
224258,0.14970341170679752
846247,0.0751486251515277
260319,0.2182585494211409
586183,0.07032077899860062
168673,0.027874722002629616
595939,0.3777749106876858
371488,0.6340611136839205
666164,0.1109103916622873
732371,0.059679694550229076
440073,0.09697656775130732
333152,0.10821509713523207
447880,0.07510025623624099
952587,0.8992352873743218
126897,0.04912416291791784
691145,0.38520644371583324
856362,0.4801379092084419
110472,0.05464593321924814
887504,0.05806680548545753
607485,0.0499777391740563
746264,0.15099733165476506
169449,0.07913067514479705
505938,0.05224715108748938
201405,0.06370554932686173
279770,0.060826194736453475
306729,0.07489399956276326
610922,0.05788175814365391
198638,0.05177371982250066
363158,0.14875799693128322
107324,0.15540031406396118
401267,0.04997674114320827
211472,0.11243202198527837
588821,0.01489896694741018
408475,0.7004611778622417
754878,0.7314604539859624
653964,0.05956045778073
140851,0.04186213969507339
557841,0.16124465970991686
533833,0.10484871664132793
290154,0.09070450270457572
648863,0.5612768686744447
332638,0.06998666361138531
982352,0.06065644084306167
186052,0.9632575119140302
562996,0.09711163243986895
846985,0.17578390459177654
708820,0.05360398469139171
614111,0.056101347122736206
348260,0.042211801852467076
912330,0.06568652780414956
248744,0.046938330551637646
287880,0.07520333841001438
417600,0.0564864633590154
498603,0.08352731084868398
595536,0.08403899365050951
695872,0.07003884816212867
889911,0.06463950661704893
454363,0.2316689073689889
204515,0.09475685309547843
395843,0.056698611435768605
309091,0.05079014321453888
289313,0.045140085031901936
153282,0.05760463463699343
419703,0.2948168033787629
254548,0.05790170831708991
660501,0.06855415697987557
375827,0.08774977008529017
291699,0.0591380702292423
252946,0.061651967077458035
795334,0.10607163602764884
473248,0.1599143471736334
727768,0.05577933607587699
551791,0.06768181565773261
283161,0.08744743284946006
911232,0.061423462178820866
222407,0.07976319626620952
651182,0.06150306848765481
481844,0.09909399872164357
103475,0.07925598526222019
850428,0.3201461884048851
505084,0.5894564708182768
319103,0.037144477559898775
352428,0.05961291801618278
433882,0.13546319411346422
583663,0.09201058100104456
568676,0.06026774128109072
228360,0.05915681885232493
283994,0.09696840028115088
456508,0.09420137962242853
418123,0.8645536301578497
552932,0.0725411919754766
884904,0.07324561515684229
440506,0.09144826688584527
148689,0.24197109731274424
920278,0.06674797959660024
826946,0.6961449687733244
930762,0.08837280974307127
905863,0.12385838586061963
955778,0.09432891289899943
539230,0.18406171886767128
769059,0.1100269744637851
670878,0.09127209367407195
239971,0.9830545183147668
930499,0.05206540058078005
504635,0.09336140889575169
844478,0.042928417656949394
427219,0.053439363682256685
739555,0.09374116167015349
327693,0.9396809436109838
536947,0.05525664412324471
382911,0.5642303557049725
179939,0.07076694147780442
939056,0.07853106085760748
951874,0.06986061354304653
770872,0.05521540120762377
421790,0.02571635997215439
369483,0.053729469839557564
493480,0.10557037129384654
245758,0.0707789314815472
946685,0.9890404986744359
133369,0.05604335057753053
124378,0.045870164887535106
196088,0.7835833453415268
343391,0.07780800762283341
576053,0.06755983024715545
738916,0.06956598484984235
816733,0.061635650828764266
338736,0.05711614182138701
863809,0.0767427965820515
822696,0.9682289395565727
451723,0.08310229656618501
880122,0.05568033869060278
548530,0.05925098860037335
678169,0.1777023728018923
237189,0.04417200148018227
792045,0.06215006035460879
569589,0.0956964255726384
815193,0.25612423247967064
548452,0.0843576753714287
845783,0.4815393667995686
307455,0.14526199665527595
717315,0.07806050063454159
500113,0.08806391783709742
416475,0.1376414193553862
179391,0.0721872710796752
830620,0.9858491296009093
145910,0.08325038304593771
631434,0.8099003372898774
561549,0.7698820876126483
392439,0.07577436986547795
105383,0.07120428143101432
106367,0.06774216637671587
454452,0.07879788084126227
512357,0.05687195242719126
235864,0.06749353120518611
598136,0.08374243153345785
496587,0.49850847930550996
591300,0.0805549421523758
648196,0.051652656785557034
148027,0.9803118751097926
428863,0.04557811286178321
872808,0.10542714852125748
185654,0.5881505300041947
567562,0.09703689226066073
233573,0.6115555298130599
755663,0.04380188289560563
903640,0.24074040523385087
801603,0.04937299026606826
841469,0.052568534627490664
956171,0.38802127054226715
528786,0.06776720488686491
789538,0.053557867664904446
979348,0.3751167931788742
690787,0.08889672465418406
651038,0.45946951400251956
341437,0.05530495364432176
690771,0.6773354740932819
536981,0.08149658298228733
918536,0.11027918950014959
618596,0.9089652829294244
344439,0.08421708833559226
285013,0.15820703125191823
542334,0.07530332765096635
409588,0.04963715555371204
787877,0.09694604754794243
819800,0.9730894441489095
789687,0.08245948548972111
876225,0.7621826530773985
448191,0.061620528904674086
309656,0.05958936880531064
915316,0.0612459448932878
641050,0.07260407601932518
277646,0.08230507031550592
296688,0.08456294796958305
160869,0.06805344398229723
502820,0.06862766297657634
814008,0.2741562324809111
375253,0.976960513171074
477874,0.08237616099416153
990880,0.10987422793645554
486579,0.07450272015972279
848361,0.0670989108918841
743339,0.08593918249408988
321373,0.07972664791106794
252789,0.5994995438075926
373114,0.04091606909362625
661968,0.06897981236481297
611587,0.07293158211952067
934192,0.1135260374485021
175161,0.11007436721952758
423668,0.6993677397795062
795879,0.12161092801609759
344025,0.09504295992144655
571986,0.0897793372113596
377451,0.08616973715684245
262991,0.08279466469256173
529552,0.0689907348721683
983485,0.05297747880386997
128606,0.0405501086012916
225123,0.10644767695090464
334420,0.050878603198078486
300290,0.050913004696549934
719458,0.3904932463767168
874634,0.10249521559507864
184469,0.055429114796105544
554930,0.22455192633940588
583958,0.11922139881181629
113995,0.06777807124552672
772668,0.09732225893608358
432082,0.24876495154428074
183356,0.08781622193849724
231980,0.10373024676109037
142487,0.07224065835257965
591791,0.0619858035626849
233177,0.46399685430606835
201658,0.08671116721462342
793730,0.11759562660190376
468876,0.0511428894234909
662397,0.1241176159381537
718624,0.061305192452338855
692053,0.040586241097887624
451529,0.06410896162359925
120164,0.08030786323379388
927205,0.04907798773555279
435134,0.07705248958737555
627612,0.5676639634347158
490292,0.7488912596695013
806714,0.09412580471000569
451138,0.052703864949408916
981831,0.0769346095947771
127717,0.04282913436078237
600516,0.06030538840596184
809207,0.04288882785637602
784470,0.03823626114889814
626778,0.055556664181229
545716,0.05014109065899678
464208,0.7222538445680433
977890,0.04024323372692091
276023,0.03852053896045135
231482,0.0738194791640817
615489,0.06999901993107882
209580,0.0729494155060543
656526,0.05217473965748016
797481,0.08821898541120976
442437,0.7536095318180083
727538,0.07978455900604578
704744,0.059675972765497194
370623,0.061074385633765105
632557,0.11062488934925076
979922,0.04294269536928952
216045,0.07364746553750719
674058,0.054758310084584295
732893,0.0745081833067973
153680,0.05509826204465606
750330,0.04196076307056154
579690,0.07591022182216646
567301,0.21121400841100857
573964,0.1999423547215288
965895,0.11573567471397948
794485,0.1023930947777997
229757,0.05502975373972164
521240,0.06559841645959155
133381,0.06322141727754316
312373,0.07002295183535945
802610,0.05566752928383805
868739,0.05112939774300804
544899,0.05713569783774449
929815,0.06617345815014934
667530,0.054010193495452205
443279,0.15124726359822152
652299,0.03877286671497608
439590,0.08181076881591932
280599,0.12676152417050351
930835,0.10322478391116399
661509,0.06041410016983272
980391,0.04079912327603994
570146,0.07643548427210572
347257,0.10773814536777698
575088,0.34365701227936624
516378,0.07165820189894552
463919,0.0757317510234165
270944,0.059681944449526333
907277,0.08817821277733817
313523,0.08866606774544193
155403,0.03875095023444148
813603,0.08446490197196241
464491,0.09283281691714813
618706,0.0646956292628362
671579,0.05191659578991338
758541,0.1427927472301262
371568,0.05917942904714999
788899,0.08109901625539445
840540,0.09551509306330724
445183,0.1026808980913933
404152,0.1017026178810235
988346,0.11748083562503049
356816,0.4939489371726678
246627,0.1087258515184122
681678,0.20407271365248514
856720,0.03770546734585427
210319,0.06036825103255221
245069,0.09775806826795463
429546,0.053445435558726176
897588,0.019539211679502698
455764,0.07364010912668115
599572,0.15736848617811883
262720,0.06698780409351371
740770,0.1907099831696421
753864,0.067099649664619
943196,0.06457973379949589
746283,0.13316762479937558
627823,0.062218625949910754
666617,0.42104852331519077
298776,0.05214072529673001
664132,0.05158668237385499
588232,0.04701415352748143
716315,0.10606038445604973
433423,0.08350124719215608
647821,0.08979394929077507
613781,0.10208959806137576
556251,0.084637091203217
226332,0.10535525117862662
886126,0.06604859987362413
119021,0.23755466003067835
331809,0.08140470455335087
728300,0.053780183196957675
943964,0.07822092207110842
412065,0.0919979384995192
107061,0.07473199590217722
566758,0.6696343032147835
585765,0.11168941691602535
194571,0.08475457270743451
105890,0.2322689430727718
855694,0.06789131525794345
106705,0.18302270489003952
292917,0.28016118937410767
565772,0.08373974948705487
889402,0.18331341698080483
666301,0.05757787798530737
186949,0.9884057262982875
559821,0.10056770797522877
227595,0.10035650132623086
804209,0.07331028973874917
570293,0.03713902832190371
474935,0.07979077439265077
248324,0.05503514671108933
695966,0.07159895148903797
550501,0.0687876745294953
788061,0.46261067601620653
753153,0.06301044756620397
297499,0.07274227284569289
667061,0.05295732362352918
562801,0.20458723476766189
269379,0.08943885624225355
217742,0.02010516595681711
173733,0.0807411856770126
821346,0.06281721973253937
464400,0.047405961150663346
228207,0.05944362982973078
787084,0.7479456080627148
931857,0.05754775512909617
302024,0.07680555692385108
800667,0.042496365286803214
950236,0.10674380842917487
432264,0.12382811618794216
882984,0.06513205201856877
806649,0.05768157651320508
146491,0.05540181110114111
406151,0.9904807301239574
248114,0.041421436145239535
979378,0.06427269655842742
195795,0.1104290715971352
905594,0.07349243631149306
924729,0.04827035410606435
461105,0.08337778242636851
604448,0.08539306695246995
742274,0.11398279691748382
736754,0.06039331347612613
432930,0.08174261831308444
563598,0.1740553221968558
370697,0.5812670781522715
695365,0.05547148070603852
152054,0.04996998893930746
604521,0.047037854369407384
886610,0.06458733791391874
934780,0.6859894267306239
712595,0.6523760031945502
392019,0.0417419085254978
691174,0.04090100314589698
191905,0.11119177373101664
661935,0.04885373398132677
313860,0.09408750602339216
158781,0.9602075392167196
857349,0.05412410579913844
682614,0.08467084967792375
135722,0.051252291328989286
395431,0.10719999172549352
444886,0.097472133487298
594882,0.14740627726037211
766500,0.06393959465372603
303270,0.0839976451334242
368244,0.044253651042629384
513926,0.04417498413142995
803310,0.07543360137357544
902328,0.045618500654531075
980173,0.06586708639838888
590552,0.058227787905277356
335404,0.08598993568947802
310710,0.5886655874757667
663570,0.07126306873941442
748914,0.05279045875395061
159043,0.059356227339213925
772729,0.11019764783089622
402082,0.07217029478323422
472757,0.048773343955521055
416462,0.03241408950089803
897142,0.03854144457440351
212132,0.04592391782258136
672982,0.06317120926231534
166953,0.1055493061306715
774497,0.09442963036092654
567888,0.048116714905633
297318,0.07167442995163285
110120,0.14285714354413612
219850,0.087489293601089
293024,0.07581315656280575
135056,0.056598316801981664
132635,0.08719949204761719
633822,0.06174222525409701
423395,0.050521289323118355
950822,0.05057256438981831
235605,0.6348272458556595
465527,0.44083624618637485
480986,0.05255010592825985
681545,0.9885250861652716
963023,0.908594846734011
429523,0.06490570331705567
106392,0.08758205460610109
786264,0.05202652169260735
477318,0.06623254784475309
901018,0.06341462135549863
939315,0.04756196152351868
631204,0.05777151522504237
380652,0.1113285118042308
665012,0.06237762908782417
145556,0.08147303809022856
617079,0.0611575603672219
301927,0.37990933879404354
867397,0.09127463667635105
589653,0.34392554828272814
268185,0.06621505090036202
835355,0.09193713034589623
912974,0.04533420491247743
263745,0.1727580984231371
750170,0.05329439132011277
209658,0.6064041432969371
645940,0.05821725499329506
109904,0.10335111365805738
746398,0.7180617004150768
925458,0.046010732323259675
606619,0.9238654982383093
448496,0.09402433582761818
245013,0.06085919215130534
315979,0.11151227133609647
492887,0.09108719530489068
656370,0.06714800928342528
893689,0.12560938466547766
960502,0.8302218277841206
212171,0.06029047639418531
249628,0.042800502751330974
591884,0.057753389633027494
310054,0.059947194868978294
105224,0.4380710954940868
888358,0.08493078309085034
184232,0.048678625630701605
430336,0.049037244093659046
608126,0.07194114840387492
851723,0.8651535150149213
575946,0.0610296658932075
883507,0.6480169133993587
970748,0.04205961703494134
783265,0.09193554370730718
341956,0.05073440723446805
891083,0.04529095275275088
856595,0.14002278653848968
696833,0.2291669329257829
336618,0.15912751896386648
726282,0.051572536791140725
605757,0.10054452042264855
683115,0.14387235594900158
638871,0.1248752872907297
882782,0.11014229250915275
608317,0.08034474919397995
667252,0.0689886030860839
758906,0.051517731134128435
826770,0.08248242200789627
933438,0.10986490618422429
815881,0.06739293719592647
272973,0.0623923895791094
326071,0.27975246193460723
559185,0.9600690376667786
546466,0.06964229375545464
450081,0.25032804906377126
924823,0.06716063803322495
706065,0.05646362773253216
993330,0.12934458704626092
589130,0.07506964933707386
936544,0.13946905678310165
637934,0.15788648036807246
571681,0.5187561716055369
920060,0.4987597580650972
964755,0.06342509116520727
574189,0.9342247400622052
425683,0.05824970417146977
712070,0.050243915348894774
742192,0.10384348683310222
739975,0.38158197497308666
205715,0.019919902511080046
438435,0.08337778242636851
940308,0.22758844354579272
474364,0.10020535406017649
572485,0.656953740801609
279015,0.04763936465221344
172867,0.1020422866916771
532434,0.600215805646482
617007,0.5416223898928486
455157,0.6260812927490239
216475,0.5074285856034018
372355,0.06093880755637637
194746,0.1354501056312062
934248,0.05648543872690815
870434,0.9432320116724576
419971,0.20119997530000258
582350,0.18473849619784263
492536,0.04894191447849522
165940,0.07215813515884945
431984,0.08096250057359
439229,0.9039225494622968
739411,0.0525056385690767
568075,0.11011924598608969
611666,0.08161439965145359
618096,0.1020622261913663
103105,0.05951758875635624
536428,0.0823258703408468
902146,0.05657002964967101
222472,0.5498791797034078
773506,0.2772260329863392
956077,0.07449215509747897
260222,0.0713244755574129
834164,0.045007065367156596
646756,0.08417072432691013
275116,0.2678607236342113
571258,0.14880567674443632
665902,0.5905272156657076
194836,0.13702339627080393
870958,0.05363754804260146
328735,0.07626278718000863
441287,0.059879535977027096
428414,0.1738186582187285
843623,0.06307046697501802
989192,0.031616447749061576
618484,0.05248494562841051
342780,0.0900952318842589
129072,0.07949644122913446
918317,0.061825947258407225
963397,0.07958003750350413
323913,0.05195062027992893
699859,0.06151721792743379
539264,0.07022896610975805
914144,0.0958596943612518
108007,0.11221510427485686
104897,0.16468632120160465
101714,0.425178527659265
342269,0.09227655846498031
826372,0.06663942007753502
977067,0.05727067216518701
658253,0.05622634505255891
845273,0.08411120322870763
337354,0.060322879574350265
202436,0.06036002613393856
160858,0.11006742290507472
552916,0.34160117607414364
996273,0.05380437082789696
401606,0.08699033412608621
614370,0.06188899793707926
680634,0.030761106057724728
501622,0.044084436433340216
271126,0.10909167681135398
358079,0.7232189478140791
292667,0.986834676129089
449766,0.06655992459277335
740237,0.9958537955750786
506330,0.06236198617349982
841605,0.8067166502823633
629352,0.07467578060171802
145468,0.9917766689162164
422513,0.056314877532878733
338228,0.09242456269808756
697915,0.4212389533875311
244187,0.07047493693700776
951106,0.08698621943406978
890973,0.04216262728600081
562603,0.31049033267608994
860153,0.11760865241434693
562208,0.08961356593041761
684274,0.045145348973005366
530523,0.09019058550634275
141930,0.05933093458409459
192804,0.12389699378304875
567045,0.04241599339594722
385489,0.061579744349391764
364177,0.05458016343009324
891503,0.5083213512280366
329516,0.08904791401690489
273226,0.11020515220118028
298443,0.030714630076987937
379383,0.08100077656393516
722769,0.08141241069412673
834511,0.07322710080206242
995122,0.10358379746801977
930395,0.0759593323859059
814788,0.053498607403036726
926141,0.10935409680278195
210415,0.36024339004581607
128847,0.9862554708249839
885821,0.035920271855902866
462975,0.09111115138537668
442968,0.1183839551310896
631678,0.08897765134038718
966865,0.15875675972655315
808601,0.07829257892751287
764263,0.9907397827021356
593106,0.07603319492271607
285529,0.4517093977527662
713330,0.0514573239345929
255217,0.08708561872461854
773869,0.08710424905609244
641614,0.06457021360829583
711768,0.055377345853042236
681932,0.9693667873424583
863112,0.09875352903510111
563771,0.04623727979189184
972246,0.027288730973314197
981946,0.08254622375627993
508825,0.05791605611167812
174338,0.07468341130502756
441242,0.05679009623095492
235888,0.9267826250903289
318757,0.044116469188186555
465328,0.07418826572110027
788141,0.09146961570952115
116225,0.07756185656795726
651495,0.18407359254858788
516813,0.06558997019853434
971854,0.0421244249639512
985250,0.10798497539816736
415118,0.05548572046526604
326261,0.05835874230727713
886089,0.07617739070653029
675422,0.08336436357405867
424729,0.17837796529238098
174720,0.14114301331642434
506278,0.058820740326738674
767576,0.1111536184464569
914540,0.06137484449568662
403584,0.048984236569279464
298365,0.10807851212339459
688253,0.11538716242425313
203594,0.08367362409996748
283939,0.11612022563202934
633310,0.062284817551157064
465094,0.0671592650810572
810794,0.05668073210154952
932290,0.07239536050601002
505511,0.057853972265747594
489268,0.04970405830480446
588949,0.1434207398095507
379675,0.10653196508836318
264920,0.05841201722481731
452280,0.04299092754378077
998585,0.07018456152906409
329693,0.6536985181786001
325877,0.050763555408443156
324877,0.18501459442718174
925526,0.04184867403465755
715919,0.1531908841326868
534801,0.14189453219204115
241148,0.06092566893485606
217759,0.2531327645428899
227794,0.1039326295865124
393631,0.07637468630198707
103508,0.07897852159523512
895246,0.9917320254920863
582040,0.9897012817587882
747757,0.11880979849877285
355325,0.08163424445627968
579897,0.081095578005316
976925,0.03938301636878239
405797,0.054877563894502865
467268,0.056583183633292185
437426,0.04296922857934678
844402,0.22028448209905774
821002,0.9952076892854769
882333,0.07867137491443722
262135,0.06460720764474223
672013,0.08860570439182906
427954,0.5619346546524261
836710,0.07371694418538681
113182,0.08418555691644077
991642,0.7391069972275394
568851,0.043171682617938065
140631,0.084809630973804
194062,0.060820489661256846
221657,0.05557173598424766
852205,0.07837509103666541
808277,0.062420392033025365
932587,0.07927198261924852
158249,0.14570093769084477
637179,0.7478825584052726
650612,0.09167290852642955
816746,0.08776494745419504
266485,0.06444592671512452
140457,0.12308148026750922
248305,0.07932842159843907
560098,0.042548530027259494
910567,0.07064847219791182
469853,0.1274831616388177
754578,0.09124232547580198
969546,0.044175402656206536
813721,0.7705645936420975
105914,0.056401210880338795
729291,0.10098417792990035
337075,0.07731462332123458
355333,0.07358828231953843
709617,0.08227478616521934
524719,0.7681007678500139
312911,0.08250725662867488
494877,0.09625290634103423
744182,0.08923861524027028
499740,0.05792254683683263
949744,0.08787313284034877
702387,0.053972129098807914
743788,0.046641035147643985
960731,0.08370553124449709
879856,0.06305994141481479
612333,0.07980811631894812
865951,0.04427430498690375
763977,0.08914756519166728
488948,0.03873802034396469
419173,0.11518803431475762
498123,0.13362027321509856
860819,0.17892161823539235
807768,0.054354612840451295
606855,0.05096274720240681
149977,0.05972596833372864
230894,0.09867053603475015
722984,0.14166831339220107
866672,0.08661084086954036
505879,0.0870514622717617
864890,0.08294401749600308
385965,0.06598239880590963
365364,0.07181762050384685
869349,0.8518896237100755
332921,0.07408719550672475
211584,0.061774246376466724
306121,0.04585467491763253
622747,0.09896739725634063
450978,0.5652804887587142
146915,0.04346057618492719
907738,0.0899763732169667
632100,0.07173548542365407
382613,0.06892755208525464
894486,0.15483602358707863
755968,0.5341601762285382
646015,0.12539210200511253
696990,0.07903176381445025
123477,0.10326005542153684
747251,0.07565510228560611
279056,0.14505852349350856
268873,0.07605694309534079
813230,0.9944878801260343
399413,0.060866477374285265
287846,0.0676847084547172
132501,0.08191938962340053
471718,0.6645853415836147
654486,0.06875678844677723
453735,0.08901834994037765
602288,0.06230791862283692
836053,0.0554326785231561
817856,0.14219732897338574
666451,0.09931125676462975
163717,0.05815228604143974
195490,0.046291306212520415
985217,0.08741139012465526
817391,0.068209634314083
692279,0.0798023872401041
709941,0.12501171701657326
139542,0.11714963940185032
203951,0.8468660905240218
740980,0.14795484647748264
179086,0.08969885654840133
291179,0.974794712538301
491424,0.27736663223809715
973156,0.09124077847833466
102416,0.04472794997011905
308952,0.13647085172986462
986710,0.07011536031707578
624297,0.07485399542261258
170009,0.753577341291225
937257,0.07741902363785656
960035,0.18357655862014371
730369,0.7284476219692341
789439,0.06287468411266837
348332,0.058627832104512875
734754,0.17441754291029887
537262,0.05707903542141961
990331,0.11413004335544912
556690,0.1359210390070419
972915,0.40405765272687116
433516,0.03766154243884413
697595,0.05886532662391836
632527,0.06609157767327342
729465,0.06438592243108521
845686,0.06894146763590059
977569,0.07972528960743239
693004,0.0557173734898105
135951,0.044467858733203115
391604,0.024971317774713828
118353,0.05405758813004775
722229,0.04577718592784641
603088,0.07446883302591675
834471,0.11246609231686165
424554,0.04667300605748704
575071,0.17662708666299534
715574,0.14186606712759214
894521,0.08706909126632457
457112,0.14161893118594948
808307,0.04062563093256001
148212,0.06867903972412259
934822,0.06549277382678602
276635,0.1318828193162182
928948,0.25466867090070744
307936,0.08484620235620813
965358,0.05807246440077742
305553,0.1470889962652266
924001,0.1584187335437464
143391,0.04121001366664928
753006,0.09317110214143197
136574,0.061420276330157404
901866,0.05224956170239538
630361,0.05045937995894738
400089,0.09057517891445276
742664,0.270074177989149
102162,0.04394499171961269
701109,0.03772426965213419
580540,0.06312482179540657
296765,0.08593778412617625
202342,0.11341336529748121
120327,0.07112491632946909
120807,0.06364785062937009
712955,0.42439488915368256
407767,0.09427711725171575
838425,0.04430331491844458
116568,0.3351889309961381
502818,0.05226184012797396
889387,0.9264626915730936
497393,0.06440483668359913
532225,0.016632267840040012
965121,0.05567647036984705
630193,0.07867347411623442
732810,0.07506874353712892
365609,0.08447936246095873
373210,0.3142122631465097
924845,0.062130485976398836
362209,0.08254776559832003
546514,0.08011757429168562
370436,0.035169806863864714
892917,0.09999154224578269
289172,0.7309702783805893
707945,0.060464397775194766
592919,0.01626538805063663
949536,0.11383768927016336
865124,0.4537819136033867
638693,0.09009905928515659
995166,0.4683195981996881
923106,0.05452977000405335
718591,0.03386172765351805
137075,0.06362162416907968
268904,0.10682200088974701
405231,0.05948454032304033
340976,0.0608811284494799
477684,0.6815039514715223
725399,0.0636490194208577
928366,0.08466358226621049
876715,0.02037025148857615
308616,0.06777462669939424
715975,0.1012791613186328
765668,0.07454620014424766
342490,0.09219239998145703
672034,0.04880443209539023
299095,0.13926003284598065
512289,0.3370199593164479
261430,0.07693974251652089
624415,0.566147733478151
867309,0.10571061788039654
586021,0.07823459907018034
295230,0.048972959190950384
229423,0.06790905463115177
553180,0.07613318574726743
775743,0.05103987698436463
488059,0.9284242637042552
564797,0.12224526700331353
374634,0.10342402374190875
777874,0.07420255053819264
549892,0.17143725964915735
289857,0.028922147949184105
213555,0.08942122375316668
278175,0.04738182392347438
482251,0.11634262645753164
562549,0.5596116374256737
211885,0.06466035176225947
629042,0.06578130991135345
895033,0.07010390149921537
365535,0.124983408787688
539428,0.09623929943792664
228833,0.17251066630096387
439056,0.09211188928322814
196425,0.05450376411469739
490246,0.8610046008452821
562794,0.6532359387919802
643767,0.10658292808215436
306126,0.05833200116920873
375213,0.047686359175208075
983631,0.04686625378431001
322799,0.06694060742481663
125462,0.0659498983805469
792062,0.9941202255035784
176637,0.7025405143472678
381344,0.03682646383504254
965858,0.04091727212993533
268059,0.06740918892335789
274646,0.1630420034864255
949738,0.07513254332044235
580483,0.12765803406553453
153498,0.2463871562410397
735288,0.8573444282057199
440930,0.07144934929803483
473968,0.09283308997650978
209488,0.04008759080180998
155784,0.049671842741130116
182332,0.03688399835304909
654734,0.09343866583552929
291317,0.11484533667642316
271169,0.33692671833781074
840440,0.06724667144570413
120593,0.0595308033116563
241375,0.07325178724964664
226362,0.08843246799081127
760251,0.22049074037663555
693326,0.035467051591617206
369821,0.17744463711389624
596067,0.07558274258476573
248870,0.15072260285594336
195695,0.09652766392146503
814670,0.10003655114554674
884406,0.10829411599727391
225402,0.07767944455785326
345506,0.5860755780552898
690244,0.04002961737563656
583695,0.5471362283691242
217122,0.23711907974738247
392593,0.10186916203053724
827393,0.08696633149893394
232102,0.06309319609001891
282838,0.07613499702931326
453529,0.1899789088736261
527501,0.015328347702250337
275794,0.06257592243112828
659660,0.09262696075607357
568975,0.9926806047967255
993932,0.12986278070017007
393061,0.0383351622294639
347103,0.1571649537218611
969238,0.04232296573535962
509799,0.9833763501838414
594288,0.08548562787905124
596041,0.08188507232350513
486022,0.036629890072438734
925409,0.08545378240812873
273908,0.035413448387900434
470671,0.0650825860319568
128296,0.12395735528214094
496166,0.046513262532627504
975529,0.09132062167696854
672912,0.6690457179278454
939205,0.2866763430924818
114546,0.15434144088912988
212872,0.08110279646160802
487185,0.19673410271809946
679927,0.05223808033250967
681311,0.6839149656142952
397836,0.05409511942660769
154282,0.38677257550370736
869626,0.18303745734378818
779883,0.066861569102915
864909,0.03655383697061337
673463,0.8740040410147383
457006,0.42563135643235156
167843,0.08625434874466802
723681,0.10532756576227141
483762,0.06565958277350185
371252,0.07744445363647058
690644,0.048114031295330977
881622,0.12959062637494886
380604,0.24262610840646814
316890,0.05100823652598391
791520,0.1198631940260508
472086,0.07482645466657491
132715,0.09507214394472087
411503,0.06912107193268348
949855,0.04532820521116
668320,0.11425504203940008
623190,0.09093929018857347
717552,0.08994157621894922
339394,0.11773587160189526
921848,0.5453221619284822
250274,0.0683780146039155
389345,0.76287052448272
313670,0.054594089522906994
200294,0.037209592734625666
407692,0.09410927890725826
554245,0.040688804148733625
951361,0.049366687716455346
638106,0.040493844295765
712252,0.09822219307767396
373520,0.3492505152807106
388060,0.07279233462090191
148154,0.9060929788471284
488568,0.10669091155042788
815274,0.06368731970323387
384023,0.03415716945898039
951115,0.0664339868714965
556288,0.11860578524899563
780198,0.76114138782627
928754,0.09265717221891931
477618,0.03906688489955954
708616,0.19242806671495177
172773,0.057029568385814966
772331,0.15412475579489898
158811,0.015450522620266189
955525,0.09052451949580113
563443,0.04533157320117926
807187,0.09143178725800635
375592,0.6250096867845417
814854,0.11582852057605929
588721,0.039056298674027594
505929,0.05459257948625242
566412,0.09540173212843402
802661,0.13580573125425638
745736,0.9840359652749097
518403,0.07383729637319981
759889,0.08580811292253458
512749,0.10570124849752419
396740,0.048524400187166486
128061,0.7009933006726864
546130,0.10113121276295586
892677,0.49316113098205017
830297,0.12078213461189313
114894,0.07398958784582638
776438,0.0701700261563219
950616,0.07487847094347481
875235,0.06719312046250436
951623,0.9935276952072656
227121,0.10084947815767852
857077,0.15045796467664874
849792,0.07256442731255869
962007,0.13927148951550958
643062,0.03667541824098383
852916,0.11952102739854356
240705,0.07900796174598605
774414,0.057845812710255615
629612,0.11812040093085768
518588,0.09643475629883634
429316,0.09182594804123524
728104,0.06367103698552094
611728,0.11587995579374044
437473,0.1122421750213441
477868,0.08363291398653101
129211,0.06103883589691742
320673,0.045791812258479433
112465,0.04125556057240023
355260,0.04991667942439859
502877,0.0647525094329788
581735,0.05045371190560948
272148,0.0927369392445531
404988,0.11630715073635214
653422,0.6816445535635033
161283,0.07483517055732672
496644,0.053899020682933396
114662,0.06264713653396096
808034,0.9905193613944321
951203,0.12910473135945108
202647,0.05969223335282222
289072,0.07968080488484675
282072,0.08631004621525219
800807,0.06067915914465552
969720,0.0683695503561853
470873,0.04224327426003687
387754,0.18002857572946948
935839,0.06215868456203474
619769,0.06719338147315705
471823,0.0600424683537149
561153,0.07748130950229705
417868,0.06572072116551458
574092,0.5310731898488303
102840,0.08736664053444561
929482,0.38298696973987134
903723,0.07114417038484641
267144,0.09414692439589271
867044,0.12372889380154767
662478,0.08813365985555055
468826,0.05151247577089172
185871,0.06564593273593435
836872,0.05918102326572465
485756,0.10738721218651777
760609,0.04418498672209376
680093,0.07158474353363634
943929,0.06205502456031379
757387,0.09417849119192064
162135,0.9886176538044557
634579,0.04053955917656889
650894,0.09442384604694173
208818,0.17034252058204477
224083,0.7235344927417652
566818,0.07031352488687219
541317,0.06308443420718539
995393,0.050432378796962204
759309,0.062354480326596906
204421,0.5598004267999153
448781,0.09310578182750477
609448,0.08274179829501792
294170,0.10166363657491755
160413,0.06487930959447658
528492,0.07024485731551539
137190,0.5717660573131732
578420,0.04244013205385085
810046,0.049258823205588054
690393,0.07893754819289805
686071,0.05463790352363892
572210,0.5546835061289167
169882,0.04100169615777097
453128,0.06849854245973053
187555,0.8499641651549094
232136,0.8516413370526692
930016,0.0685256433721591
781063,0.061720485151229555
935510,0.9951393835845732
633230,0.09096629784798177
159716,0.854269949345169
269635,0.1267673386520681
480880,0.6758766499216363
250703,0.04501028326273102
540941,0.03578191702337869
494194,0.18153838313202897
162146,0.09097302923171462
271638,0.10983992195805321
204828,0.04346461044827404
860096,0.14306573040951184
816145,0.09140375932754975
685189,0.06259630870977106
168691,0.0853396225156517
787975,0.06666080851530225
915383,0.07051530094896874
756427,0.6582193020226612
829198,0.13656906398096816
932607,0.0807719384334687
454043,0.05308698282571209
794157,0.08684755961801327
599411,0.12788636817905033
222061,0.05907907946124595
473099,0.05285241280437444
446797,0.07187965016046984
531564,0.08276759681779111
615606,0.05022457990775103
729446,0.056390963354746367
285240,0.1362213731916506
447448,0.04576534360184996
782386,0.07825127877654865
622737,0.1456957101215379
862297,0.07143756963054662
992061,0.11266892785852355
497429,0.13713675940899694
339997,0.06309066733239876
968374,0.06224391858823869
114660,0.22482250231711268
125951,0.05639472520343033
273777,0.05569144996413415
133350,0.19425574755423086
459729,0.042056671701547796
580843,0.047468999486783764
229945,0.25269889469969087
143306,0.07276009840117972
577471,0.059812630966885265
376816,0.04874450477323771
582703,0.06824674822848248
331982,0.08934084283699617
626749,0.05663621549218037
359008,0.07999128813887715
691618,0.06772975080394715
481875,0.29870010193344726
950085,0.0994663782520938
770897,0.796858980533721
391931,0.05963872786036083
485841,0.08525934401330633
518363,0.07118272563993963
202589,0.05558196975606249
618405,0.04103543642535494
929238,0.06728969677498885
371649,0.05816182399268399
649754,0.09317079854477116
359434,0.07009201156716098
246416,0.06231412546810169
710182,0.07203203538492334
589417,0.4957606445721251
750016,0.08196584310066611
749679,0.10368447900854098
579559,0.08222166581328208
890811,0.06669417323044073
380753,0.101958140577652
583836,0.04572456541976316
825629,0.05273151000286999
389652,0.09574606335350105
878605,0.04985009304215656
801257,0.9422273296957624
471474,0.8618902395193393
467946,0.08003683997742418
745508,0.060771822246557194
302946,0.09477477386543183
597252,0.15948407554021812
108348,0.12277091262420957
305416,0.1001868704514628
240044,0.05158122346766292
382807,0.7906980049365185
287431,0.0690160812349089
448109,0.09512721765285467
681806,0.07738046797712743
794587,0.06130232268360973
378572,0.0585870230321484
782370,0.1425765194783704
935587,0.059190808980217065
221512,0.0264072874355247
892828,0.04967379311936289
492953,0.09305793588458341
109035,0.10210364806539894
318003,0.06771555287266351
749726,0.0708736961634165
438838,0.055871339085889336
773423,0.15813013330936718
852603,0.10358769386648597
779388,0.9148389152110833
552883,0.0829248040072253
270898,0.08288323419688214
385434,0.07282919464804076
324913,0.11511702306342504
663522,0.4384360893668281
243350,0.08070694480034611
282466,0.57874790472282
547915,0.0629771060310955
819265,0.12158847576694433
210777,0.08502933364831286
284759,0.80229919635351
864619,0.0989412066642613
547397,0.830298163329953
691570,0.06574425483196829
746991,0.06415832881926027
478178,0.052683386507633524
836540,0.10851415056165666
299997,0.07489538229761661
203702,0.4262528021019431
253393,0.06378700498188894
220965,0.058828266682295155
123907,0.18517964612998158
392849,0.28296923849182326
449738,0.08361707838456746
979480,0.10181880776145058
381919,0.04102313260380827
820868,0.5854652795144687
850803,0.08907583416816536
221266,0.14502929151215274
115670,0.5256180980608415
677243,0.05156283908154963
201036,0.10628024588252664
891950,0.0802110242867042
407018,0.08870168851096792
325479,0.22653943172482685
453555,0.22988493417215172
130427,0.09135802223054879
187876,0.07014984996981975
367439,0.11778871725130094
753758,0.06903828005421087
919316,0.03164808860802756
352145,0.035773021296842095
759750,0.49657724731512737
835544,0.09126428378118642
515942,0.05330627825235952
131785,0.6771167126493328
783367,0.8350691583966549
185123,0.07314832663456995
971822,0.0447981358708042
653056,0.048704327288972546
787329,0.32585328153675763
485030,0.0693159207184138
925653,0.04375993556801605
236877,0.8941572198113625
997579,0.060268157237816755
383182,0.5170929217363521
601746,0.12578683859271253
782018,0.05828424535129684
986846,0.10914767843469252
633359,0.2635592376567376
380481,0.0843829891062815
515225,0.07576498704928299
492842,0.05656549575242874
371129,0.09984364907560339
914382,0.052850503408272666
154646,0.06636148402404918
336663,0.09679967618127591
752782,0.08211786412815399
148427,0.13755359625195154
341721,0.06762321138914708
777012,0.08906350690551405
450417,0.05424464155621713
325045,0.18301511393268116
467883,0.052598012465661745
180899,0.09928994854782895
897379,0.1697481896126413
557086,0.07967719106612037
714006,0.08987897451869595
286713,0.06762633130268317
446415,0.06676152498399557
579509,0.10831118629325484
826185,0.0597808746295391
431494,0.06580074217133985
288642,0.08631617476948399
419477,0.3042765329557968
870264,0.07124194658534816
214959,0.05064524209904726
643158,0.029360657941853042
571535,0.7039513620894449
220944,0.0958646740286746
312323,0.07931987034460283
202792,0.9871441451403614
855032,0.15933841049742864
918527,0.039544863823851785
664880,0.05990569433103272
625015,0.06621155972859302
379889,0.07758943454648937
113818,0.09333191674315769
169148,0.08445561280119777
236442,0.06709250158710507
912184,0.32901328573471744
150631,0.6680264313356677
974996,0.04419475257272507
939110,0.04967823440552968
674620,0.9404266035053008
869156,0.029131578302329444
692541,0.9871342829160541
137549,0.0892329336391956
791091,0.9890959742735953
644533,0.060531202603366766
305339,0.06043730914291893
373293,0.06251933007717718
844023,0.08373523898757083
992964,0.0832999036919683
342598,0.17203902400814838
401868,0.0636224144312713
456869,0.0882877372858973
438263,0.06571187714675754
856479,0.09392433165601208
232531,0.09053963619169306
423402,0.5366140369339387
701614,0.07982499768403795
338429,0.05574809131831246
934449,0.22524281292744677
475467,0.08918533576900556
933985,0.10917876715735832
188591,0.9862988359552294
864923,0.05791899021121974
968396,0.08038990027415241
165074,0.14535308243667117
939046,0.09212975604086947
762394,0.3996047950734976
216017,0.06933075506153438
278672,0.41005430116138414
238883,0.0816226399094001
998431,0.0709885471006638
440775,0.20353100291348705
295004,0.07222493379136588
142164,0.9948270834793888
575419,0.0810267430847281
760667,0.9950909374883214
203818,0.9703024825413471
761799,0.05305221302835726
552674,0.04773625456346813
998668,0.08241385782275695
979705,0.6128240789815702
644008,0.5630981423318847
921717,0.08288355479568935
407299,0.5970002907029327
367654,0.061978688194255546
818810,0.05533221277398326
825551,0.09276739636932035
433979,0.05671929381073346
243838,0.09110384461847287
373902,0.0869744460599655
856405,0.07983554855685285
841867,0.06267903672121991
958798,0.06199335817153759
694858,0.055405883074282306
368087,0.044656506218225464
982210,0.14694319229540118
257687,0.08614370268528143
370957,0.07391506698400395
347374,0.09527358209089781
720124,0.07157150934629669
973678,0.23833257593840532
959001,0.12696543224811938
831893,0.10854226598120242
472960,0.039937068287305505
885539,0.06219344529944059
120211,0.054701624054131155
979732,0.16010862834440548
292380,0.06108691224485538
762898,0.09891541329989086
322458,0.07405158258174488
537276,0.10136039810021742
398154,0.058478919593998105
903856,0.06757462144582402
563685,0.10815309386113756
640230,0.07540436401547808
747467,0.10703001942472073
516233,0.044652318008744536
934352,0.1498899522916762
104026,0.05862528231411802
934439,0.08952525196445976
748260,0.08435847118507289
388344,0.06991627786609385
613719,0.10333647616285
619344,0.08657231291665207
399511,0.07050853685494758
281777,0.0637902840018725
575124,0.15842641362520243
204221,0.08966814646139362
525009,0.09430673402706843
737059,0.05481561161757857
825267,0.06245456850052165
793981,0.06961114843262271
434293,0.11185785690658256
776710,0.08732416767912837
591351,0.13594247473059293
456375,0.0800122047447039
707899,0.03473249490526155
742822,0.895823098252166
121856,0.0304355525293517
877175,0.11147654714446875
617746,0.11559151609995674
671920,0.06031268373733939
584504,0.034015088547940525
566114,0.05426471739710417
670355,0.08038883237699221
867386,0.08698032190589973
826132,0.08203591119895984
516756,0.060271075098469115
273023,0.03811982600679372
615946,0.1220969863628719
589925,0.0808864683571765
110853,0.09833876494628231
669594,0.07647453906465126
847195,0.08075267782196326
387137,0.059706929116958414
342848,0.0609824170998266
426089,0.0773832640086977
935426,0.07288369053728819
723783,0.1615882726734695
554839,0.467677594049555
761778,0.09776273072352291
137507,0.07483124207503691
805952,0.09347825102720893
363324,0.07789224075914068
748718,0.8056229025131962
366847,0.11618569022755038
204391,0.05783534575743667
858301,0.061922450718484554
490684,0.07630266982233187
981126,0.03167315244252313
961669,0.09007396562879792
571886,0.33744974082191675
885026,0.10357196279688158
895443,0.058753668423860254
429882,0.06362001054830761
420491,0.5770792151584826
256829,0.04580058953082748
598398,0.16792339811731097
130198,0.08336856930235602
579890,0.05658034840547095
980253,0.25980866066498887
886463,0.06380047460623586
663688,0.24322474507356784
873142,0.04175054918724598
689349,0.11161757382064738
218395,0.06629647688522969
984132,0.05230937163427945
709598,0.061693710851812744
752956,0.7575644706889839
522254,0.09172694113846144
967953,0.10941247871987192
616119,0.434669282115679
472601,0.5444958688881816
697462,0.04838089298426602
109946,0.7295576389116806
965875,0.0947060872719525
113379,0.06231752163145586
572688,0.04288244342751647
469461,0.1009578928803943
908515,0.023266047231456772
951390,0.9660255941893093
221902,0.0551933327551009
555280,0.07556200132721826
590851,0.143777621456527
624094,0.07388451781168674
795453,0.06544853059807904
958194,0.05934926993941241
759318,0.09337344771188051
535820,0.11583021280424138
333781,0.07050909497451573
639990,0.09787276745232648
356856,0.04162972700142371
354845,0.40905624792246637
388438,0.12036391175465859
763159,0.15007270942178982
571931,0.05105698696864541
133122,0.7642425361216516
216656,0.14293671434466704
545966,0.8099890361099137
497786,0.11059910311665967
881462,0.05657998529681683
440886,0.07161764201558253
140635,0.04561378882004862
394876,0.08077026533949958
134692,0.06855261648455328
896647,0.10254767442117374
422537,0.063947501954091
767592,0.0649268721127872
709360,0.05273409942907553
764993,0.10765052347761733
406363,0.0942587063957527
984775,0.0583289645926663
503947,0.09251703151101219
183739,0.053491918919694605
728135,0.09298931789682471
710618,0.0681834295529883
871188,0.05020464716503079
246917,0.0781905565116651
242007,0.09825910053964544
441945,0.06942362635838685
849797,0.07188443811528743
308207,0.07930443507161146
221330,0.7095078691267654
807864,0.09633174692192377
994350,0.3826981525619173
997368,0.5576704940114615
824708,0.05833706955710808
133946,0.16272955468302952
392816,0.06478855772513233
257590,0.05887989650253988
682431,0.06619391717266804
281401,0.12757265537433896
913972,0.060648552164308686
324251,0.07531304284824505
552633,0.059881047788537305
613685,0.09135206154105417
362718,0.047308424930302
431422,0.9372384645374908
900011,0.14514448719587406
320347,0.6287139397128646
504849,0.05418151027508928
878953,0.08495311770922372
140028,0.12073770668427704
505231,0.05760324061957781
720058,0.43237477174945976
424778,0.06471137478107791
992418,0.1437218552881088
456859,0.04394787252218112
783640,0.0461786171811795
605447,0.09888065287440961
954523,0.796753938705026
192147,0.7648663184353307
529396,0.05136603583095415
871239,0.07728333093791509
213254,0.0809534082012171
488626,0.04356693064048156
608893,0.05624118156554455
253018,0.031034349437378535
960598,0.17984593954907924
225833,0.8231917284834169
992346,0.12023075098522587
149125,0.05636199741342124
240270,0.09138312680202657
252175,0.04819942284110688
745481,0.8347149413563453
785273,0.05648266942120698
521104,0.10528688975560713
278914,0.12163456851889495
944837,0.04652646917742481
539161,0.05236256215571512
246401,0.1448114132668306
967054,0.07974637775827291
339080,0.0628312139702666
627371,0.21183708346885094
776408,0.05792629138829367
254377,0.07415526943725348
601222,0.05718936820982576
641245,0.05499904614756685
670083,0.04552229342064558
725452,0.07039179490988591
302190,0.03984298279326879
289767,0.4315965609461016
377299,0.07561649578919
281957,0.7100792795493488
749739,0.34535596968142507
140155,0.0651633921847574
844090,0.09357739398807603
561284,0.9825516405808744
562640,0.06710139050030842
188618,0.060932754910053094
248706,0.047559874786278995
611582,0.16302240700949677
983100,0.06184702906736403
520384,0.0501320646480625
733452,0.10339430356471563
190600,0.04027618559854628
947576,0.06515302746567456
528223,0.055682634687947784
171391,0.6301177154562939
647451,0.05978189271615947
766191,0.03467669126849353
862965,0.06402335767842754
273241,0.06984277298419204
145368,0.9179766973702012
865496,0.07052726457691139
794416,0.04936761216527593
141941,0.14697407611899665
562014,0.09761902655889565
695779,0.10398548191822678
935823,0.07824240116507981
556160,0.12104487103577542
242243,0.06859167896227161
258112,0.0740179213242686
442946,0.07482537068674579
139368,0.1731212073084058
482724,0.08769005261741873
212771,0.0653981197989392
608552,0.07682413794728946
436964,0.07930694929337677
246123,0.05659033330038371
159326,0.040845904059999
937401,0.10732220793129983
731794,0.8146880902872229
625244,0.0362267637235951
189488,0.07052850391276676
962183,0.0826948984299301
161209,0.08275204306294838
103829,0.03591523067746353
421691,0.08220731452700483
154757,0.08367742686003879
516945,0.7786859521953595
796411,0.14332602822200743
508457,0.0685740704012069
649797,0.06448978615613266
702870,0.04914570054006151
243491,0.9022495437058546
889761,0.08865986090266036
314217,0.08301272105914806
293122,0.28502309570279044
289966,0.05686749852484515
535349,0.03383248455312679
122780,0.9523361261900322
959195,0.2415641851350952
255560,0.08923154171449706
186744,0.12491015302184638
556447,0.07189439408962632
331934,0.07180713921329207
252163,0.0453731926664532
190483,0.09892267638669852
628557,0.048682827342923306
762015,0.08045753555086785
480284,0.07402983307112253
230003,0.06825389375482949
525063,0.11294546675630367
694795,0.05653391675889036
397010,0.06917806068868848
180761,0.06194776065900122
133218,0.08638347693371858
121811,0.05602951309172876
876224,0.06644713999860152
333200,0.15703025912058696
554659,0.059441479918929126
923942,0.07768980057376529
627606,0.0587233575703439
985201,0.18079871412525833
268963,0.0830084863256413
104446,0.07243413319097135
372412,0.07390604006852296
936585,0.13658386771067862
211620,0.14373001760430223
628117,0.08959246702355043
193029,0.034104478382343935
835053,0.06263712724713924
130787,0.07789351502461736
883298,0.09063991382318061
743996,0.0709158012534602
878212,0.09847809018314971
537618,0.062357036419948095
185573,0.2847240696389258
340315,0.961322181023626
855834,0.04944418386576714
249263,0.15758544627893706
455275,0.05241401016838408
566951,0.07024702229009579
219281,0.0744983704168735
804121,0.718365091671175
920927,0.1241284687551942
321658,0.05233215382865555
312786,0.08115753347946936
413613,0.03705587131177158
853354,0.05882049451391605
711121,0.09287354675287868
647664,0.05981891293392845
761291,0.7453388944768514
838279,0.12053166573022231
829360,0.08873156757892037
296865,0.9084539164807445
222739,0.09942557823318149
325102,0.0806815329023063
751442,0.11858636854827968
891044,0.37515853495489504
606782,0.06602247352840265
174739,0.07920115155850084
975993,0.44987887044970787
179218,0.0725304870833408
301825,0.06579011745681076
661172,0.11777248508626699
861017,0.07772896856639282
498755,0.08893476486502774
603545,0.18918165570280673
997969,0.04777308818020808
557706,0.09171915396784398
704331,0.052452885796808575
424458,0.12402736847200942
930736,0.049541968888656564
624753,0.05614091833560189
166488,0.08719930300970465
323117,0.47383587370956026
541657,0.08571327496610898
197777,0.4968575822467144
393470,0.9872145337406936
658708,0.08878562544761404
412808,0.06106517373176441
889578,0.05637262388492793
335320,0.2917384955546107
973300,0.25846201263818835
981996,0.060015333427272576
597876,0.7521264103791931
480656,0.0906583810909252
212763,0.04545482300328626
335269,0.3965077707601508
384841,0.10123623320307396
400831,0.37009507944846587
961479,0.14233096667121997
708155,0.14115283519078237
915715,0.09788909181136274
794047,0.7001916107928416
769189,0.184884871611784
452137,0.06907010719924087
772487,0.16309067196301
606459,0.0952995463379112
352183,0.066003315171207
728551,0.09698120763605575
894611,0.08285796971441113
897735,0.08507178724193917
607045,0.3338544760610679
619041,0.062485072848309856
361237,0.1676114981476043
482640,0.08589824644496706
295531,0.9834753025748109
882194,0.9856868689547297
590132,0.042126366675908786
989211,0.042661704733078995
775420,0.050559285723134034
960246,0.10299065755478228
436707,0.06994994819194797
444840,0.22206784413606034
357723,0.04776999018449383
535499,0.13341870458250857
406744,0.05922815198416827
398215,0.05415961256631077
228758,0.08824816781279743
483816,0.10588760588966241
844790,0.1380944521620507
240720,0.05454088159071666
887253,0.08100438728682592
580025,0.34352718178886194
531036,0.8259102080554258
676233,0.12676871838947865
213717,0.08654280452898234
572501,0.05065723463966038
765087,0.08663641150472952
599043,0.07810859012794948
419630,0.5432898462594972
210151,0.6856017662434196
549354,0.09237380134030987
377371,0.07093717005031853
317853,0.07329674805345
349544,0.06474776302447656
653249,0.10657928728999529
175965,0.10055542181360806
822816,0.058787802203476694
682931,0.06644780055343402
709227,0.3548409419294817
982532,0.09457267236400856
251202,0.07674966860563451
795040,0.06995591731942573
883395,0.9907555669224705
742593,0.06523020606814664
112356,0.11596222371686198
756605,0.09656697241358594
942450,0.05572180823606169
117874,0.04194920408385032
146386,0.0991017244425388
886156,0.06724714153825274
960017,0.09121011289729195
170599,0.09524446822502215
563711,0.27372091220520967
126441,0.06544862352281566
951416,0.12409333239123589
318223,0.08303622401739087
796244,0.2982636918022439
785570,0.10208871461203459
248404,0.04224003727447359
623691,0.07548332487066306
335142,0.18528337692865265
583642,0.23424508418879983
352636,0.09490215001644597
874080,0.09218075154046153
265685,0.05302873272529431
837172,0.060777595386386524
508956,0.06807141562593848
385288,0.2030017986373958
936683,0.10372162468485
753644,0.07669452654683802
462156,0.7402364826928567
640860,0.05420077558262112
916583,0.017619579270601295
774417,0.041339561014470866
726409,0.09701056282576294
785071,0.12816469874929948
740962,0.0655305218954288
319939,0.05075737423028512
262891,0.11633207627675338
388052,0.06102204893101953
140633,0.07073396478195096
327265,0.05476130211208929
642065,0.08565317174206691
287174,0.222447249849131
717697,0.0969635205232287
575440,0.07950008705404948
914708,0.05413171723512311
698236,0.09402621641530298
217852,0.07114311590264455
544507,0.11065725038129372
284395,0.35826034396285167
851163,0.047759352247180545
185759,0.08835660020420934
327953,0.08616247441974789
159996,0.07835291592798638
110090,0.09275819279168566
802109,0.08729203491790423
929347,0.062468832753866915
723902,0.1977345910531563
115759,0.9797558046742771
733490,0.046878306399355814
474878,0.06635789253951889
377964,0.20585060103421693
212826,0.09275725487663615
691807,0.040648115705774646
339045,0.25478454388870575
301334,0.06004708860774614
162468,0.11603867484650794
991468,0.06178417495765172
374069,0.14624904989853305
155601,0.050836879040489016
226542,0.07052505406491004
169293,0.14836156329396238
410641,0.7515900438703449
947241,0.10475982629227214
872766,0.08591696167234238
674719,0.07830987180829678
475979,0.137257190907276
395110,0.07000208400956098
127173,0.05128642427398563
496731,0.06301580217434635
200397,0.38761305349851954
856717,0.07313413561620037
944460,0.06590848433963835
567154,0.05876462584319299
453163,0.059631633447851405
565460,0.48189953738516034
391447,0.23898667297949805
840259,0.09019558849473552
342464,0.05782880193495967
913304,0.06226173287430951
832264,0.046497196801209735
888226,0.08581325024326021
966766,0.1528586079037119
663898,0.09133399969354855
240681,0.06534316412163846
458426,0.16916354735452757
517694,0.05777112625223245
240643,0.10185677868170845
908976,0.1477649655327222
472490,0.058198711145138
345346,0.06216340998682255
742227,0.04874090428990833
258096,0.04286973496020965
704077,0.07654428660739049
127734,0.11224690593976365
665504,0.11048239513922967
340833,0.6779668447380015
984187,0.052014180007153285
128459,0.06834559324053965
880498,0.1063807217962819
823556,0.08655724079178485
304706,0.08934628676512947
160466,0.18983323025110097
407575,0.0316400604931972
178916,0.05443389666933451
174880,0.06836565443183162
120433,0.2802065152161073
549142,0.1639194874780471
768174,0.05744988052463616
472192,0.06459091381090916
320886,0.09068315325488871
807486,0.05990323268609957
500110,0.08330579243949733
133503,0.049896289625669256
916517,0.19892093228477312
535633,0.06770728533807767
641375,0.6541393653691288
987575,0.09046642566400792
293210,0.15991554666313773
297714,0.049302980568098224
134205,0.06793460379921867
422637,0.06122979894771414
368436,0.8688358333745125
392040,0.060943979655445665
315391,0.08620625117869893
409726,0.0765965284367995
633730,0.05541846122282229
408994,0.08595689698766126
521908,0.08740548366375603
610667,0.05763044757591306
994854,0.05806293382380655
841272,0.06648500062444468
726034,0.05783949190839709
869120,0.0664367631485
954550,0.06304374625491257
380970,0.038216237849148856
231237,0.055158500665555
648804,0.09437203904484426
530474,0.5981583850897069
613206,0.14235996709580434
634845,0.06211905484513495
941189,0.1016615131848685
582533,0.9233886947261455
941040,0.6324510031056166
926970,0.09250336519257105
226549,0.05911423490508483
616058,0.08666005035548723
867517,0.08363982505255875
944425,0.04726272866601666
379403,0.4575922574157256
537047,0.06078499575540133
379990,0.06426112193666697
780195,0.09564204624599305
161963,0.08568325758299393
221044,0.04740905512724912
371597,0.08549355270577152
940808,0.07507916885370997
838902,0.5808851869121218
463249,0.9894698545980729
333148,0.03983524942465803
150727,0.046128616507893065
407537,0.09550636377473741
483125,0.053968724977276304
565109,0.08170348627946994
816106,0.09573507297014308
173087,0.03193115664996032
529558,0.08390526658374418
825123,0.07603960267625332
495033,0.6211460127738195
548490,0.08773164775386455
761013,0.19910242715471277
806737,0.7486533065518174
262661,0.07122095858171487
750523,0.08651032292706055
836115,0.1204747700410403
443694,0.13440220459193783
638142,0.46946829336765017
436354,0.24739025802759695
278253,0.08990465624906852
930860,0.062014913080843656
603712,0.09321455000390576
831243,0.3441301430809491
686392,0.9731395570610389
554925,0.5819313315506005
189667,0.06445145856936317
997350,0.06761396705686651
678142,0.0855669877844023
708237,0.864127120919851
465591,0.10197112853531531
389546,0.14150341231896707
294629,0.06477682063936092
507691,0.082646141264035
363117,0.0685565253341214
184282,0.0913573887153538
133338,0.11288192991035759
663867,0.06815615151789906
253318,0.06553263267870858
531608,0.07527263034582181
590528,0.11997339082661922
671705,0.06285857382940666
948722,0.06746786452302458
507985,0.11607931679949537
179213,0.04861638740488805
441788,0.07200611717265587
133097,0.1742081788333767
670358,0.07182471580662105
745080,0.08246198224520336
788249,0.12310710611060902
441879,0.10955777875797917
567090,0.15052520661661917
316609,0.04073941929005408
387702,0.14067706246394673
195283,0.7982696434036172
441809,0.12722691699623678
555458,0.4127131113719784
397510,0.07426552639922107
238785,0.0801824471696571
715288,0.15262935289878438
421189,0.09601990149885788
401861,0.06399949164747427
954864,0.07848752157191453
909297,0.04430460849889955
832983,0.10221941815830314
380458,0.9872222254898615
661929,0.052185182895994026
713115,0.111656767198053
958603,0.10483473519783336
628965,0.059871779806488
766945,0.06135247284937088
142532,0.09189420915698505
651633,0.29928477029652617
822860,0.12469203371999972
881926,0.09625784726345851
103155,0.049235461102292155
609847,0.03985872861886956
670162,0.06323877665920902
396300,0.9880591509108406
967302,0.06864246831403627
869942,0.7054420973824566
726596,0.9838024721300348
242054,0.0661491853974775
132073,0.2076797264447176
534561,0.06839764610510637
503629,0.10720424208544747
604072,0.08410202715458863
994612,0.06626333196850402
892341,0.09466243699629817
705774,0.07830766143366362
533525,0.07057309999734654
512907,0.40192044506868563
154212,0.18397353688103563
794914,0.0890468653870619
198289,0.38696904784847663
768772,0.15374284936715774
181625,0.07276787341821532
167111,0.5821148747417615
732942,0.0657423938602329
500929,0.13455551054516618
679064,0.7436151017455719
274465,0.10378291058983428
164911,0.06563948247642386
930912,0.628529577845482
930610,0.1368741287149747
701235,0.05962271480726908
248306,0.09562876807757989
149226,0.6508029886911177
836545,0.05608955112053424
414603,0.03978752033218194
692077,0.11014130907619105
410650,0.054441418604822246
976303,0.1190633674510064
553822,0.06299819436606377
379518,0.06299547238565924
408435,0.04194018102277907
384137,0.24440746728923565
236053,0.9900092220457987
334124,0.05486564139710906
723903,0.9457532770403201
195247,0.1661196631395046
104241,0.0591224542660855
489215,0.2828858639449681
504833,0.040038078665628335
581876,0.0653964547173914
839543,0.12198659992399767
886956,0.09572578859331778
796856,0.0397513347179838
200850,0.050433571610789936
508654,0.023926643196654575
992709,0.7975162617616439
794013,0.2553684836943994
684898,0.057282430404192924
324361,0.07931808774161518
911048,0.08391571529892165
682740,0.06358334042841118
731118,0.822280116396316
321808,0.3247073133030791
354233,0.06333547859396009
661424,0.8946791226945299
358709,0.2904989796600945
893872,0.04339959992865732
508564,0.05812989058799159
550385,0.1020781300047314
703473,0.06320171915103939
783861,0.19351978658882923
510026,0.07205502750194837
444563,0.0805291077194338
499364,0.16831959397999066
761933,0.08958381890085362
491129,0.14229388634527962
189386,0.5533359474816758
283973,0.06780066794299272
243696,0.5234939437392732
365280,0.04910293020672056
804386,0.08787068685010008
616608,0.0311912733454161
605630,0.28837132242963887
618317,0.14994046106765674
888871,0.054225512138789934
204090,0.0949494405975276
191200,0.2436365497033857
546681,0.06055728364671574
400126,0.11532539651764821
393551,0.9927353103043951
672569,0.09427882284815814
186798,0.13816072090269643
225685,0.14782204201195814
979262,0.5469030746965782
713097,0.12020161059432072
649985,0.09279250808916413
120951,0.23070997315205102
248209,0.05355302161065578
423358,0.2321760649464444
301365,0.60199572310384
746985,0.7277646531313801
732808,0.05391560251553318
366999,0.35648200569919036
785717,0.08438680520944539
716545,0.04592659937591889
518096,0.11567668240946692
552209,0.738879412048589
298357,0.06558701086709041
133268,0.03149303821139185
239407,0.05933455266364974
531770,0.963228755643435
420158,0.04472385011942293
249474,0.0807587921390772
624725,0.07137189229222993
844171,0.5676422719223666
821930,0.07703099446923528
704035,0.06417771425767328
276060,0.07688810509234412
738295,0.07694970649081964
492500,0.06430992705775922
961038,0.04976099585059991
166353,0.04812467373161549
795196,0.10514526884596642
530501,0.31574795195955146
663674,0.20418482894429008
715656,0.04952743771436945
927399,0.057177554047291995
902805,0.05203114577803604
972277,0.6416307429303127
377546,0.4335281521370466
540170,0.03767121377436367
593518,0.12471252665782431
547407,0.06714358376424549
741751,0.09870043006413476
112224,0.08301517616905303
433351,0.789626654387451
735469,0.05237307919979195
669846,0.1085606076002153
926110,0.06129747079430039
196564,0.07513404909041926
251407,0.07435573200711322
184059,0.06398126403871986
724079,0.06477547446326862
706717,0.1236752905793204
698820,0.07255158938114317
758601,0.0665659638211763
891216,0.0743341563527772
529545,0.1214855661283481
400585,0.04230039424330935
818326,0.06511026770881458
960785,0.8226428673350892
124309,0.04691138240302361
771472,0.3935807108500956
411639,0.0973714015056834
476760,0.09200010916384653
737764,0.05654395583668569
849074,0.10183790306021871
559580,0.09553933057178679
858119,0.024882004763621023
565357,0.0530951500169664
407690,0.07128613343676922
641867,0.9890282719085104
426495,0.08861797037683003
786881,0.07557341387339596
371075,0.5900725417684055
269801,0.1485093885034353
801071,0.9817185911248199
378559,0.08332437610144663
124145,0.5300473084023158
906099,0.06715189170288381
562415,0.6497926282759128
352371,0.10931598831181216
756336,0.07040004310626355
838059,0.061407871646925585
998429,0.02352478034995015
309186,0.07985622328631073
461818,0.049665168170204464
469599,0.11820981204741242
798576,0.05916769440204352
777459,0.09473522587169841
546622,0.1052185453181839
979999,0.8965172004229168
267746,0.21966970216735218
882387,0.07411950353577736
969186,0.06560809526377707
725869,0.42842698550450753
745132,0.04017369979098997
367546,0.05375537321305528
767543,0.09120907177877303
603470,0.12984307814171783
339216,0.06284584067682451
591474,0.08613045738581127
156148,0.056710227136929865
639121,0.9722164342372536
973765,0.042548948477718666
935237,0.04994717792391055
469976,0.035417617168500566
406517,0.06934445025780885
496468,0.050425732113711944
368475,0.038880039256194474
704927,0.8982491815398339
974612,0.13252811141079063
407698,0.104648053523646
594060,0.0945515699977694
451181,0.9024299982578533
456836,0.12409023108558258
134532,0.07529843178023231
273673,0.0905303179656281
459704,0.22367922607570687
339730,0.06239696636128323
953787,0.035949203470854986
574820,0.05825502676583985
153753,0.06482597304893269
945901,0.0537932583695778
809823,0.0587544997226587
982035,0.10601447998715488
767764,0.6373101882128053
601734,0.48604748931861264
432097,0.10874617076093891
996468,0.10283237267029743
843081,0.050598882508441544
195599,0.08151608386367218
862435,0.10896011257384357
650404,0.6918123263587965
822201,0.0750612651295833
513667,0.14738855680907095
293237,0.468556837284425
743606,0.09017242588170218
804170,0.08358275405617112
971942,0.038332386684428656
385858,0.07859278320984892
956476,0.7276912202883137
271172,0.06617804994052337
753943,0.07453777753534517
701346,0.0476133267423057
424202,0.053928123520241296
545583,0.05632441956242713
972798,0.09649084204863785
106340,0.8981580392121277
175997,0.9876630944888367
178603,0.04809776765202523
819956,0.07024907331636154
244446,0.05084369282665781
155313,0.05331190363716903
475310,0.03635240409214029
250837,0.09890087501169785
513223,0.13408729596481242
832119,0.147060925711285
979419,0.9851852392709182
373714,0.019399328969780062
269359,0.14477016315452074
962781,0.04958079876379794
698191,0.08207277218836696
942088,0.05245595771083007
200881,0.10749231177559194
967600,0.10595303283094479
601314,0.07391465417382843
990502,0.07348881426813383
967897,0.4921823056423464
579685,0.3138177531701864
653243,0.07071365755792473
252293,0.021376908941714925
436271,0.29013680037428835
170436,0.09411932336965717
627731,0.07257006697989646
851049,0.08309283943652615
458273,0.029981230789760824
574441,0.2753622955734204
663770,0.0853427308091802
849331,0.15020146231747816
383316,0.7712388402605543
395848,0.09085443444199837
494952,0.08580515324142955
350780,0.061962866173387504
292054,0.06798321479723808
637192,0.052469161923470085
362851,0.8647927059174056
611603,0.9182231285805624
816231,0.045057026710351666
954533,0.09675149539726931
122767,0.0794188936727314
166365,0.495215299881749
234100,0.08161623045767424
309907,0.060315924662459275
603778,0.058455572338941046
730097,0.05648759855831169
717559,0.06142634916210326
212218,0.24252046291528379
429482,0.09764287432129116
801141,0.07744711856447206
227944,0.06296907895753366
824884,0.8460987692788587
812335,0.15086602975112384
626277,0.49759739310025464
333202,0.16416659836463288
729798,0.07971746499986221
699758,0.04881491437478957
656797,0.055950583190777115
495904,0.061324698909222645
661750,0.09253207156843378
738074,0.9860859383792195
521621,0.07414788446175113
911225,0.0622761174650807
514705,0.03986810556672805
137139,0.11878265334639346
723084,0.10879263253966179
976491,0.050807818231538
466328,0.19363687112152317
576417,0.1382728978050836
249733,0.07296012593142286
839361,0.8080857534194661
357028,0.07291835239705953
163915,0.9583604972266851
336900,0.06473670298092309
299578,0.07734733756663385
356209,0.048113354243099433
864988,0.0930637513039233
528761,0.04398968530119761
734412,0.055982962020755804
136343,0.06675401185603631
497137,0.04487631235678199
506660,0.07404367805773242
178610,0.054357630168065024
120162,0.08335070151479392
548845,0.14694166762670138
608324,0.379132290974383
246165,0.09292019922318541
788943,0.3357341740295907
670600,0.09256538171220102
110233,0.07820420427080457
705557,0.06966547270046854
173716,0.21019112573659635
275553,0.053595049810155955
348083,0.10875838898833731
848668,0.16310981354154241
543743,0.05141045682960003
146970,0.18700430569010798
318534,0.06137854933623777
836834,0.7235960027679459
716392,0.08513605844685952
658576,0.05229600768803139
494462,0.13184088504267247
739471,0.06394649687221685
687629,0.19687926360392402
544522,0.6956121277836642
462670,0.05928877509102127
373926,0.25047879374375676
465156,0.07445424938082136
836781,0.04380573185891741
418575,0.07415622798829631
665049,0.08540552049104658
229443,0.10893310947457771
331035,0.9306602013167449
503962,0.1025281927940182
893687,0.07713350564361655
441108,0.05910795403365138
836616,0.0840824668268849
416507,0.06810478362176073
556442,0.07165284901301838
477413,0.05914636964761105
233135,0.09510247919520835
198251,0.051495462718093736
378307,0.09151824785442933
976900,0.021113171139713477
117945,0.10103746714551194
831795,0.06509115297067948
973135,0.18987341045414055
843309,0.11512952178276717
636400,0.9901214949829886
443206,0.07405851088363666
776265,0.12151804060680413
811976,0.3168393994546064
764579,0.07077056050388668
707565,0.7658932225741345
974887,0.08820881808415348
714591,0.0776321780411812
942988,0.16841266270921246
441295,0.05277994919487296
389948,0.0302652496100089
666434,0.06688405020318264
180418,0.08893476486502774
693063,0.07378229022426877
431192,0.6532224619177642
452985,0.05033600250743744
412399,0.04697471141860199
752500,0.07536549214631448
204767,0.17955570961243486
360679,0.04934441805717366
527184,0.12341373729964775
591931,0.0759026374695999
200313,0.20637024295092543
923750,0.11285176367028917
626396,0.9953808421924478
979574,0.03408340573335764
398747,0.07057695268363412
998319,0.045484748289749626
109361,0.07872690829591264
813576,0.06001319594847122
391227,0.6233376132279909
202051,0.0999255150492255
177827,0.07242308345146359
173783,0.06346182482286924
441066,0.09635444626492336
541174,0.04459820842615167
495540,0.062138342773554345
638499,0.07602659643344618
360869,0.22960119547944732
313513,0.09691306228506957
754029,0.05971842001565117
597840,0.050399304521450035
303995,0.08207449994930442
417691,0.07390597195059215
945965,0.05850187968212418
808025,0.06009943422199191
218873,0.08529652184716575
569430,0.988502303348136
418694,0.0472824893457027
466549,0.07528147655733004
233186,0.04367888379609363
129362,0.10524983156207392
208565,0.05920755985049385
713853,0.05308651256036891
936284,0.07155072405252527
268550,0.03861970566247054
275426,0.06830382561257052
601581,0.04485900512233988
355843,0.10462466287131406
684556,0.042412835667238524
537714,0.09239549292635947
494996,0.6744209757089342
700700,0.07327804503229182
475564,0.032780387417035144
825167,0.07754892288962124
434739,0.06189923742290148
764292,0.06354464335759541
597373,0.6647843813383202
834038,0.08495209863752108
122397,0.5425231359256376
736014,0.047878113106127725
227598,0.08328434888259116
741329,0.08286165677549667
452756,0.16388494593057612
385906,0.05431361562423944
831293,0.08095547529871493
712734,0.17050599196612218
912033,0.0668541100955801
173262,0.08191312308509259
290207,0.06618004395239825
668550,0.6812516420202989
748197,0.08884833323941915
636421,0.053569454715506455
384958,0.1163789332156837
119808,0.19513126911663725
941486,0.17198669737936456
561258,0.09752996982442642
946312,0.08588844259250708
880470,0.0694395225733505
754534,0.09681823122062683
305937,0.055417096903673385
331039,0.06039555098438914
617152,0.06095795573617516
371264,0.09880050971921606
100223,0.1801340794131472
452282,0.17258066751032627
711670,0.08113141997695013
451401,0.05719573267244844
407847,0.08250882404486598
230226,0.07829317405565878
639599,0.11249648560047897
110741,0.1887175178544839
686569,0.37173503825377946
612671,0.18279288982994324
808996,0.21213545100680392
317133,0.05369115846411555
863109,0.08349246481787165
362890,0.8047681903383556
477178,0.10759689122865566
862213,0.08573847922794796
798723,0.03696461789305925
450786,0.9908263424191388
167478,0.9800834708638705
884851,0.13352945972546545
310830,0.09491753660955471
443740,0.821606283358977
281506,0.0949567587661575
409021,0.07694515158149065
363260,0.06494326463125427
272069,0.056598958965650474
927244,0.6087880936579629
176194,0.337995974970632
279543,0.10063813735607666
824436,0.0339602254481218
813612,0.05887571711728118
623052,0.05745557473613511
313562,0.6416382960810783
163984,0.060403322663255606
183693,0.9218108366914587
927614,0.13113935960327866
720566,0.11647019708410261
286384,0.06341502231073257
906729,0.554784013381146
151737,0.33005775441579455
518765,0.20275956269136658
271447,0.09395751783575178
684741,0.11482916957101734
167518,0.055363919561589814
250991,0.08871954420009305
929292,0.9147487314479732
566593,0.059989258502416265
757516,0.07265002211976411
825477,0.059948144077509424
382128,0.0771474397635294
381031,0.11927001640291239
878576,0.5097985036071722
987406,0.08205833676326788
622965,0.13749499073832053
742362,0.6977031106706847
650659,0.06537500444018664
187298,0.05648455771179124
619542,0.28051805721464634
771125,0.06291903237732163
194898,0.06322881509687893
981145,0.0567806199054443
481291,0.05741634473822203
275233,0.09893563887326483
865864,0.23093986631674265
295566,0.1313542200843417
941905,0.6142356549215299
439768,0.13334454378023156
881025,0.08293289240651269
307435,0.03487431553169526
903728,0.05301529733275031
544942,0.06813651742669836
561762,0.048870487985733374
299807,0.05498098375917088
695305,0.05836497204471958
417841,0.0711584709368959
570073,0.049867722326026716
233046,0.05327409341806481
835086,0.1619834619143884
616686,0.08095755387292941
294561,0.16855837897717438
187677,0.059547987096738725
449871,0.05034730791603581
617847,0.22343818404453525
549309,0.05602343440427593
848284,0.2765062625618832
627428,0.07445087368439278
739971,0.06349800380116888
206687,0.0984540237491733
683559,0.2103957906820493
625221,0.06396745883627644
815237,0.13547889764403234
431423,0.07672648959757769
960677,0.12331198699635665
152959,0.0889797830139582
680164,0.0718225020216431
795084,0.13209171717704993
178197,0.21153708343801547
545730,0.07400709271717389
481729,0.6836374740902623
124517,0.08574713219776009
382332,0.043740017689451065
853778,0.05189876547216997
766063,0.06902716343025234
158000,0.3511830912313063
190152,0.05203125614969158
334002,0.12296296858972366
115263,0.9811274163313572
208124,0.06579255473120481
360310,0.08558400180656912
275610,0.10052762501390017
433795,0.09696601492661995
458232,0.14151051023849187
209273,0.13991940612821877
940604,0.09941143515455403
378694,0.0932096230357579
696606,0.046926374402037285
459628,0.05431443646939541
893529,0.04322931630037229
455161,0.10079341502321078
406321,0.0746693483267856
280933,0.048195426339092545
781133,0.05538341890162128
711570,0.17285622177490576
775133,0.9935776934957868
727310,0.06041723078013578
422464,0.19341613197204263
924847,0.10485720116421085
771996,0.05951375201016125
416864,0.45671127661316074
201504,0.3697751659223096
536500,0.08280890621091577
649768,0.16423846408831896
714570,0.05865641405211147
255901,0.24710820084426743
146396,0.12102957895656366
315932,0.9766948861777358
230048,0.05870929000341625
369751,0.08558216821010639
310302,0.11803594456359327
848587,0.07894395385299527
309809,0.05832034954409867
385763,0.06771387953845079
878250,0.9798418834774001
910134,0.06657063468311503
443350,0.056471485366681826
269623,0.07495559436211088
361117,0.1537368894691654
555751,0.052728985085711694
951162,0.19478364042833124
680435,0.06822318680025971
480989,0.16454152988797133
740200,0.07494543861350983
961644,0.10021247522480804
458778,0.09710129935825842
642115,0.07513967721814059
865852,0.09884306742743035
697520,0.26685074041894735
377561,0.06900752243123456
520387,0.1370362498716965
385660,0.05067964734878726
339963,0.06025922627607389
418031,0.1904054248769106
621424,0.08864749919983538
466586,0.06049094096067235
748367,0.4416166333403535
836677,0.8747819284683205
735567,0.0530003300540378
483966,0.02739210165990906
661625,0.4391792647039285
578386,0.05159218357052531
770829,0.06534703421703923
118636,0.06372500547008264
355960,0.057364452393558786
668438,0.08209359408772625
935086,0.07668398654922877
734189,0.07927076071103283
812727,0.10309848909728174
828022,0.01910965720649782
223732,0.061912558451028624
336106,0.1888692664326719
218629,0.8110338165302053
419608,0.10817325128239585
592125,0.6343018736661347
996008,0.09045608687458022
704473,0.07011802528654866
219672,0.020344867798703793
149877,0.06414345196519457
966427,0.14682515843326469
167776,0.8599381394340189
244796,0.06074460069812496
445092,0.9615740655331526
371525,0.15152289354853957
657417,0.06555697131886153
942496,0.08847433902856575
228533,0.048370166418650766
238892,0.2394111178119033
239802,0.055732397826222066
646525,0.05798317624253474
239026,0.495439089526947
659960,0.03271847138031254
891508,0.736255985055964
618276,0.09930605283821266
693260,0.040310652064534595
231788,0.9942224710149319
934760,0.978272718602783
911786,0.09570511563915668
552536,0.03366367188397238
100816,0.06714646587280121
725447,0.9921966430270466
672266,0.4921188785764937
594489,0.09178423567401829
144301,0.113902537192914
357439,0.3076983343352436
794501,0.07185871002768185
262735,0.0721160658429073
225977,0.19285646501500622
192027,0.07987320636350201
264062,0.059976703165607985
920458,0.7542615664627824
964424,0.06312623442940447
769162,0.06971872237672967
584252,0.187496896527716
581782,0.07122904078570245
233536,0.08773303649285079
384212,0.05463590243556694
185644,0.07622647770883637
129676,0.0841470416196628
210500,0.05468922492893269
902561,0.14522880646339523
476674,0.08841171094404976
217219,0.056797121807236006
747991,0.703952782613398
787836,0.09612096035163004
331979,0.07856857123049518
500153,0.06358979369899896
217248,0.11599375146451371
956604,0.19978200894516754
253370,0.08743184513631659
513645,0.04535588297706986
885924,0.07506442379626012
415006,0.04856350116580694
176973,0.25489865876165885
510871,0.05271936610521562
306811,0.11323402401578983
473999,0.5869781769110508
836912,0.033286101116871414
168491,0.46284958936806125
434441,0.040705620893932364
587212,0.07875272285616
467217,0.05793551462837678
784304,0.534867532078932
698753,0.05433855498404411
745930,0.2077487779333891
567507,0.04527409262116345
606719,0.1073511813140913
335608,0.15941259591349147
170554,0.054660828532123
308931,0.2623173664979757
542232,0.06471398947525957
120277,0.06404084120071886
808966,0.05650974411654519
653351,0.07459024146569555
283798,0.079776856214788
428567,0.5720772743595289
260725,0.07714210711305758
627994,0.014945655655553954
860594,0.9907341578151956
326868,0.11081834906911764
500919,0.0706125738272753
272409,0.13582708121043605
209506,0.08091579734096968
454627,0.15091469971293464
597944,0.08110900597675634
454083,0.1067941510764515
659987,0.07105348917237755
534077,0.06029650395123928
605575,0.05378239741539758
807512,0.5506517611918146
947915,0.06467818306647616
277597,0.06636604608939503
690077,0.07816740564930177
304858,0.9927223661012791
149971,0.08522828908666172
282366,0.05725284482900196
308927,0.5222393884963743
961712,0.10237598227712838
105047,0.0991504532969368
182177,0.2607027685253543
